canonicalName,rawName,sourceUrl
Marft,Marft,http://marft.com
Amplitude,Amplitude,https://amplitude.com
AgileMD,AgileMD,https://agilemd.com
Sift,Sift,https://sift.com/
LeadGenius,LeadGenius,http://leadgenius.com
Insight Data Science,Insight Data Science,http://insightdatascience.com
Directed Edge,Directed Edge,http://directededge.com
JustSpotted,JustSpotted,http://justspotted.com
Hello Chair,Hello Chair,http://hellochair.com
Canopy Labs,Canopy Labs,http://canopylabs.com
Human Dx,Human Dx,http://humandx.org
FileStack,FileStack,https://www.filestack.com/
Upwave,Upwave,http://www.upwave.com
Plivo,Plivo,https://plivo.com
Thread,Thread,http://thread.com
RADAR,RADAR,https://goradar.com
Semantics3,Semantics3,http://www.semantics3.com
Casetext,Casetext,http://casetext.com
Cruise,Cruise,http://getcruise.com
Theorem,Theorem,http://theoremlp.com
Liftigniter,Liftigniter,http://liftigniter.com/
Unbabel,Unbabel,http://unbabel.com
MixerBox,MixerBox,http://mixerbox.com
OpenCurriculum,OpenCurriculum,https://opencurriculum.org
Dyspatch,Dyspatch,https://www.dyspatch.io
Whirlscape,Whirlscape,http://getdango.com
Framed Data,Framed Data,http://www.framed.io
Checkr,Checkr,http://www.checkr.com
MTailor,MTailor,http://mtailor.com
PicnicAI,PicnicAI,https://picnic.ai
UserGems,UserGems,https://www.usergems.com
SalesSift,SalesSift,https://salessift.com
Tule,Tule,http://tuletechnologies.com
Weave,Weave,http://weave.in
Qventus,Qventus,http://qventus.com
Pomello,Pomello,http://pomello.com
20n,20n,http://20n.com
Akido Labs,Akido Labs,http://akidolabs.com
Numerion Labs,Numerion Labs,https://www.numerionlabs.ai
CyberFend,CyberFend,http://cyberfend.com
Zeitview,Zeitview,https://www.zeitview.com/
Bankjoy,Bankjoy,http://bankjoy.com
Pachyderm,Pachyderm,http://pachyderm.com
Paperspace,Paperspace,https://www.paperspace.com
Smarking,Smarking,http://smarking.com
Tempo,Tempo,https://tempo.fit/
Resolve,Resolve,https://www.resolvebim.com
YesGraph,YesGraph,http://yesgraph.com
Yhat,Yhat,https://www.yhat.com
Dabble,Dabble,https://dabble.so
SigOpt,SigOpt,https://sigopt.com
Standard Cyborg,Standard Cyborg,http://standardcyborg.com
Tara AI,Tara AI,http://www.tara.ai
Replika,Replika,https://replika.ai/
Mashgin,Mashgin,http://mashgin.com
Teleport,Teleport,https://goteleport.com
ROSS Intelligence,ROSS Intelligence,http://rossintelligence.com
SnapMagic,SnapMagic,https://www.snapmagic.com
Shotput,Shotput,http://theshotput.com
Tesorio,Tesorio,https://www.tesorio.com
Thrive Agritech,Thrive Agritech,http://www.thriveagritech.com
Verge Genomics,Verge Genomics,http://vergegenomics.com
Drip Capital,Drip Capital,http://dripcapital.com
Reduced Energy Microsystems,Reduced Energy Microsystems,http://remicro.com
Traversal Networks,Traversal Networks,http://traversalnetworks.com
Klarismo,Klarismo,http://klarismo.com
VOIQ,VOIQ,http://voiq.com
Deepgram,Deepgram,https://www.deepgram.com
iSono Health,iSono Health,http://www.isonohealth.com
Daily,Daily,https://daily.co
Algoriz,Algoriz,http://www.algoriz.com
Pulpix,Pulpix,https://www.pulpix.com
Revl,Revl,https://revl.com/
Netomi,Netomi,https://netomi.com
Superside,Superside,http://www.superside.com
Luciq (formerly Instabug),Luciq (formerly Instabug),https://luciq.ai
Pave,Pave,https://www.paveai.com/
Podium,Podium,https://podium.com
Gecko Robotics,Gecko Robotics,https://www.geckorobotics.com
HistoWiz,HistoWiz,http://histowiz.com
Caper,Caper,https://www.caper.ai/
Sendbird,Sendbird,https://sendbird.com
Relativity Space,Relativity Space,http://relativityspace.com
Nova,Nova,http://www.nova.ai
Farmstead,Farmstead,http://farmsteadapp.com
Sway Finance,Sway Finance,https://www.swayfinance.com
Iris Automation,Iris Automation,http://www.irisonboard.com
OneChronos,OneChronos,https://www.onechronos.com/
garten,garten,https://garten.co/
Mosaix.ai,Mosaix.ai,https://mosaix.ai
NeoWize,NeoWize,http://www.neowize.com
Airo Health,Airo Health,http://www.airohealth.com
Synvivia,Synvivia,https://www.synvivia.com
Seerslab,Seerslab,http://www.argear.io
Miso,Miso,http://miso.kr
Athelas,Athelas,http://athelas.com
CrowdAI,CrowdAI,https://crowdai.com/
Saleswhale,Saleswhale,https://www.saleswhale.com/
Scale AI,Scale AI,http://scale.com
People.ai,People.ai,https://people.ai
Voiceops,Voiceops,https://voiceops.com
Speak,Speak,http://speak.com
Bountiful,Bountiful,https://bountiful.ag/
Cowlar,Cowlar,http://www.cowlar.com
Scribe,Scribe,http://tryscribe.com/
Pit.AI,Pit.AI,https://www.pit.ai
MDalgorithms Inc.,MDalgorithms Inc.,https://www.mdalgorithms.com
Entry,Entry,http://getentry.com
RankScience,RankScience,https://www.rankscience.com
Ambient.ai,Ambient.ai,https://ambient.ai
Penny,Penny,https://www.pennyapp.io
"Veryfi, Inc.","Veryfi, Inc.",https://www.veryfi.com/
AlemHealth,AlemHealth,https://www.alemhealth.com
Tetra,Tetra,https://asktetra.com
FloydHub,FloydHub,http://www.floydhub.com/
BIOS Health,BIOS Health,https://www.bios.health
NanoNets,NanoNets,https://nanonets.com
Bicycle AI,Bicycle AI,http://bicycleai.com
Faire,Faire,https://www.faire.com/
Ridecell,Ridecell,https://www.ridecell.com
Mirror AI,Mirror AI,http://mirror-ai.com
Helix Nanotechnologies,Helix Nanotechnologies,http://helixnano.com
ScopeAI,ScopeAI,https://www.getscopeai.com
Jerry,Jerry,https://jerry.ai/
Skyways,Skyways,http://skyways.com
VergeSense,VergeSense,http://www.vergesense.com
UpCodes,UpCodes,https://up.codes/
Standard AI,Standard AI,https://standard.ai
Nimble,Nimble,http://www.hirenimble.com
Darmiyan,Darmiyan,https://www.darmiyan.com/
Flock Safety,Flock Safety,http://www.flocksafety.com
Mystro,Mystro,http://www.mystrodriver.com
Semantix,Semantix,https://www.semantix.ai
Upfort,Upfort,https://www.upfort.com
Plasticity,Plasticity,https://www.plasticity.ai
Cairns Health,Cairns Health,https://www.cairns.ai
Spect,Spect,http://www.getspect.com
D-ID,D-ID,http://www.d-id.com
Percept.AI,Percept.AI,https://www.percept.ai/
Sourceress,Sourceress,http://sourceress.com/
Headstart,Headstart,https://www.headstart.io
May Mobility,May Mobility,http://maymobility.com
Commissary Club (formerly 70 Million Jobs),Commissary Club (formerly 70 Million Jobs),https://www.Commissary.Club
AssemblyAI,AssemblyAI,https://www.assemblyai.com
Lyrebird,Lyrebird,https://lyrebird.ai/
Social Construct,Social Construct,http://socialconstructco.com
10 By 10,10 By 10,https://10by10.io
Thematic,Thematic,http://www.getthematic.com
FollowUpThen,FollowUpThen,https://www.followupthen.com/
Candidately,Candidately,https://www.candidately.com/
Proven Group,Proven Group,https://www.provenskincare.com
Precious,Precious,https://preciousapp.com/
Spellbrush,Spellbrush,https://spellbrush.com
Jasper.ai,Jasper.ai,https://jasper.ai
Assembly,Assembly,https://www.assembly.com
Observant AI,Observant AI,https://www.observantai.com
Fondo,Fondo,https://fondo.com
Slite,Slite,https://slite.com/
ClearBrain,ClearBrain,https://clearbrain.com/
Sepsis Scout,Sepsis Scout,https://sepsisscout.com
Promise,Promise,http://promise-pay.com
Reverie Labs,Reverie Labs,http://www.reverielabs.com
Nuvocargo,Nuvocargo,http://www.nuvocargo.com
Evolve (makers of Podcast App & Rest),Evolve (makers of Podcast App & Rest),https://getrest.app
Edwin,Edwin,https://edwin.ai
Acely,Acely,https://acely.com
Cognition IP,Cognition IP,https://www.cognitionip.com
Vathys,Vathys,http://vathys.ai
Naborly,Naborly,https://naborly.com
Weekend (fmr. Volley),Weekend (fmr. Volley),https://weekend.com
SharpestMinds,SharpestMinds,http://sharpestminds.com
Tilt (f.k.a. Delphia),Tilt (f.k.a. Delphia),http://tilt.io
Orangewood Labs,Orangewood Labs,http://www.orangewood.co
Memora Health,Memora Health,https://memorahealth.com
Zyper,Zyper,https://zyper.com/
AlgoSurg Inc,AlgoSurg Inc,http://www.algosurg.com
Voicery,Voicery,http://www.voicery.com
Point API,Point API,https://pointapi.com
Jido Maps,Jido Maps,https://jidomaps.com/
Observe.AI,Observe.AI,https://observe.ai
Helloverify,Helloverify,https://www.helloverify.ae
Swayable,Swayable,http://swayable.com
Phiar,Phiar,https://www.phiar.net
OWNY,OWNY,https://www.owny.com
Within,Within,http://within.ai
"numericcal, inc.","numericcal, inc.",http://numericcal.com/
Searchlight,Searchlight,https://www.searchlight.ai/
Activeloop,Activeloop,https://activeloop.ai/
Titan,Titan,http://www.titan.com
Data Driven Bioscience,Data Driven Bioscience,http://datadrivenbioscience.com
Inscribe,Inscribe,https://www.inscribe.ai/
JITX,JITX,http://www.jitx.com
64x Bio,64x Bio,http://www.64xbio.com
Anima App,Anima App,https://www.animaapp.com
LabelFlow,LabelFlow,https://labelflow.ai/
Regology,Regology,http://regology.com
Quickchat AI,Quickchat AI,https://quickchat.ai/
Rain Neuromorphics,Rain Neuromorphics,http://www.rain-neuromorphics.com
Alpha Vantage,Alpha Vantage,https://www.alphavantage.co/
MentalHappy,MentalHappy,http://www.MentalHappy.com
Prodigal,Prodigal,https://prodigaltech.com/
TENDERD,TENDERD,https://www.tenderd.com/
Nestor,Nestor,https://nestorup.com
Shelf Engine,Shelf Engine,http://www.shelfengine.com
Eden,Eden,https://edenmed.com
BrainHi,BrainHi,https://www.brainhi.com
Kobo360,Kobo360,http://www.kobo360.com
Mutiny,Mutiny,https://www.mutinyhq.com
Leena AI,Leena AI,https://www.leena.ai
SPATE,SPATE,https://www.spate.nyc
LemonBox,LemonBox,http://www.lemonbox.com/
iLabService,iLabService,https://www.ilabservice.ai
Aesthetic,Aesthetic,https://www.aesthetic.com
Kunduz,Kunduz,https://kunduz.com/
Overview,Overview,https://overview.ai
Flockjay,Flockjay,https://flockjay.com
AllSome Fulfillment,AllSome Fulfillment,https://www.allsome.com
Pachama,Pachama,http://pachama.com
Keeper,Keeper,https://keepertax.com
Centaur,Centaur,https://centaur.ai/
Windsor,Windsor,https://windsor.io
Hatch,Hatch,http://usehatch.ai
BrainKey,BrainKey,https://www.brainkey.ai/
MedCrypt,MedCrypt,https://www.medcrypt.co
GoLinks,GoLinks,https://www.golinks.io
Tailornova/Couturme,Tailornova/Couturme,http://patternfast.com
Community Phone Company,Community Phone Company,https://www.communityphone.org/
Basilica,Basilica,https://www.basilica.ai
Sapling.ai,Sapling.ai,https://sapling.ai
Demodesk,Demodesk,https://demodesk.com
AI Insurance,AI Insurance,https://www.aiinsurance.io
Evo.Do,Evo.Do,http://www.evo.do/
Docucharm,Docucharm,http://www.docucharm.com
Askdata,Askdata,http://www.askdata.com
Probably Genetic,Probably Genetic,https://www.probablygenetic.com/
Superorder,Superorder,https://superorder.com/
Bunkerhill Health,Bunkerhill Health,http://bunkerhillhealth.com
Landed,Landed,https://www.gotlanded.com
Autodial prev Qwest,Autodial prev Qwest,https://www.autodial.com
Pyxai,Pyxai,https://www.pyxai.com
Aura Vision,Aura Vision,https://auravision.ai
Hypnos,Hypnos,http://hypnos.ai
Superb AI,Superb AI,https://www.superb-ai.com
Traverse Technologies,Traverse Technologies,https://traverse.ai
Upsolve,Upsolve,https://upsolve.org/learn/should-i-file-for-chapter-7-bankruptcy/
Glide,Glide,https://www.glideapps.com
AXDRAFT,AXDRAFT,https://axdraft.com
Sublime Black,Sublime Black,http://sublimeblack.com
Mars Auto,Mars Auto,https://marsauto.com
Allure Systems,Allure Systems,http://www.alluresystems.com/
Tailor-ED,Tailor-ED,https://www.tailor-ed.com/
Cosmic,Cosmic,https://www.cosmicjs.com
"OutRival, Inc.","OutRival, Inc.",https://outrival.com/
1910,1910,http://1910.ai
rct AI,rct AI,http://rct.ai
Spiral Genetics,Spiral Genetics,http://www.spiralgenetics.com
Playground,Playground,https://playground.com
Shiru,Shiru,https://www.shiru.com/
Figments,Figments,https://plotdrive.com
Palifer,Palifer,https://www.palifer.com
Symplex,Symplex,https://www.ycombinator.com/companies/symplex
Kraftful,Kraftful,http://www.kraftful.com/
Well Principled,Well Principled,https://wellprincipled.com
Short Story,Short Story,https://shortstorybox.com
Pair Team,Pair Team,https://pairteam.com/
TRM Labs,TRM Labs,https://trmlabs.com/
Soteris,Soteris,http://www.soteris.co
Lantern,Lantern,https://www.lantern.so
AudioFocus,AudioFocus,http://audiofocus.io
Prolific,Prolific,https://www.prolific.com
Dashblock,Dashblock,https://dashblock.com
GEn1E Lifesciences,GEn1E Lifesciences,https://www.gen1e.com
Embrace,Embrace,https://embrace.io
Mindset Health,Mindset Health,https://www.mindsethealth.com
Yummy Future,Yummy Future,https://yummy-future.com
ZETA SURGICAL,ZETA SURGICAL,http://zetasurgical.com
Milo,Milo,http://www.joinmilo.com
Downtobid,Downtobid,https://downtobid.com
Rosebud AI,Rosebud AI,http://rosebud.ai
Arpeggio Bio,Arpeggio Bio,http://www.arpeggiobio.com
EARTH AI,EARTH AI,http://www.earth-ai.com
CoLab,CoLab,http://colabsoftware.com
Chaos Genius,Chaos Genius,http://www.chaosgenius.io
Tensil,Tensil,https://www.tensil.ai
Vahan,Vahan,https://vahan.ai
Finlens,Finlens,https://finlens.app
Ramen VR,Ramen VR,https://ramenvr.com/
Demand Curve,Demand Curve,https://www.demandcurve.com
Hightouch,Hightouch,https://hightouch.com/
PredictLeads,PredictLeads,https://predictleads.com
Tranqui Finanzas,Tranqui Finanzas,https://tranquifinanzas.com/
Traces,Traces,https://www.traces.ai
zeroheight,zeroheight,https://zeroheight.com
Flowbot,Flowbot,https://www.getflowbot.com
Deepnote,Deepnote,https://www.deepnote.com/
Meridian Industries,Meridian Industries,https://mora.com
Taskade,Taskade,https://www.taskade.com
Motion,Motion,https://www.usemotion.com/
GitStart,GitStart,https://www.gitstart.com
Vendr,Vendr,http://www.vendr.com
Flowglad,Flowglad,https://flowglad.com
Phonic,Phonic,https://phonic.ai
Abalone Bio,Abalone Bio,https://www.abalonebio.com
StratumAI,StratumAI,https://www.stratum.ai
MindsDB,MindsDB,https://www.mindsdb.com/
FitnessAI,FitnessAI,https://fitnessai.com
Segmed,Segmed,https://segmed.ai
Explo,Explo,https://explo.co/
Letterdrop,Letterdrop,https://letterdrop.com
Taiv,Taiv,https://taiv.tv
Orbiter,Orbiter,http://www.getorbiter.com
Glisten AI,Glisten AI,http://glisten.ai
Ardis AI,Ardis AI,http://www.ardis.ai
Perceptive Technologies,Perceptive Technologies,https://www.perceptive.io
Handoff,Handoff,https://www.handoff.ai/
Nextmv,Nextmv,https://nextmv.io
Aden,Aden,https://adenhq.com/
Terrasoft,Terrasoft,https://www.ycombinator.com/companies/terrasoft
Datasaur,Datasaur,https://datasaur.ai
Dashworks,Dashworks,http://www.dashworks.ai
Replicate,Replicate,https://replicate.com
Basedash,Basedash,https://www.basedash.com
Clayboard,Clayboard,http://clayboard.com
Visual One,Visual One,https://www.visualone.tech
Signadot,Signadot,https://www.signadot.com/
Operator.io,Operator.io,http://operator.io
Scout,Scout,https://www.scout.ml/
Medicare Vox (fka Fair Square),Medicare Vox (fka Fair Square),https://www.medicarevox.com
Turing Labs Inc.,Turing Labs Inc.,http://www.turingsaas.com
Ello,Ello,https://www.ello.com
QueryPie AI,QueryPie AI,https://www.querypie.com
Typedream,Typedream,https://typedream.com/
Kinter,Kinter,https://kinter.ai
Dropbase,Dropbase,https://dropbase.io
Trident Bioscience,Trident Bioscience,https://trident.bio
Photoroom,Photoroom,https://photoroom.com/
Modernbanc,Modernbanc,https://modernbanc.com
AIOS,AIOS,https://www.aiosmedical.com/
Skypher,Skypher,https://skypher.co
Recurrency,Recurrency,http://www.recurrency.com
PostEra,PostEra,https://postera.ai/
DeepSource,DeepSource,https://deepsource.com/
UrbanKisaan,UrbanKisaan,https://www.urbankisaan.com
PillarPlus,PillarPlus,https://pillarplus.com
SprintAI,SprintAI,https://www.getsprint.ai/
Zumo Labs,Zumo Labs,https://zumolabs.ai/
Easyplan,Easyplan,https://easyplan.in/
adyn,adyn,https://adyn.com
Overfit,Overfit,https://overfit.com
Oda,Oda,https://www.odastudio.ai/?ref=yc
BeGo,BeGo,http://www.bego.ai
GuruHotel,GuruHotel,https://guruhotel.com
Recall.ai,Recall.ai,https://www.recall.ai
Atmo,Atmo,http://atmo.ai
PowerX,PowerX,http://www.powerx.co
Airbyte,Airbyte,https://airbyte.com/
Tasker AI,Tasker AI,http://www.tasker.ai
Menten AI,Menten AI,http://menten.ai
Legionfarm,Legionfarm,https://lfcarry.com/
Algen Biotechnologies,Algen Biotechnologies,https://www.algenbio.com/
Command AI,Command AI,https://command.ai
Roboflow,Roboflow,https://roboflow.com
Bandit ML,Bandit ML,https://www.banditml.com/
inFeedo AI,inFeedo AI,https://infeedo.ai
Datafold,Datafold,https://datafold.com
Blue Onion,Blue Onion,https://www.blueonion.ai/
Shuttle,Shuttle,https://www.shuttle.dev
Hypermile,Hypermile,https://hypermile.ai
Explorex,Explorex,https://explorex.co
Known Medicine,Known Medicine,http://knownmed.com
Hypotenuse AI,Hypotenuse AI,https://hypotenuse.ai/
Kernal Biologics,Kernal Biologics,https://www.kernalbio.com/
CoreCare,CoreCare,https://corecare.ai
Swif.ai,Swif.ai,https://www.swif.ai
Humanloop,Humanloop,https://humanloop.com
Omni,Omni,https://addomni.com
Blissway,Blissway,https://www.blissway.com/
Atomic,Atomic,https://www.atomicvest.com/
Osmind,Osmind,https://osmind.org/
Nextera Robotics | DIDGE.ai,Nextera Robotics | DIDGE.ai,https://nexterarobotics.com
Nabla Bio,Nabla Bio,https://www.nabla.bio
Hyper Online,Hyper Online,https://www.hyper.online/
Tydo,Tydo,https://www.tydo.com
BIK,BIK,https://bik.ai/
Aquarium Learning,Aquarium Learning,https://www.aquariumlearning.com/
Mailwarm,Mailwarm,https://www.mailwarm.com
Intelligent,Intelligent,https://www.intelligent.services/
Liyfe,Liyfe,https://www.ycombinator.com/companies/liyfe
Nephrogen,Nephrogen,http://www.nephrogenbiotech.com
Cohere,Cohere,https://cohere.io
Dataland,Dataland,https://dataland.io
Akiflow,Akiflow,https://akiflow.com
HENRY,HENRY,https://www.soyhenry.com/hiring-en
Taktile,Taktile,http://www.taktile.com
Mito,Mito,http://trymito.io
Draftwise,Draftwise,https://www.draftwise.com/
AI.Fashion,AI.Fashion,https://www.ai.fashion
Glimpse,Glimpse,https://tryglimpse.com/
"Warmly,","Warmly,",https://www.warmly.ai/
Parade,Parade,https://www.getparade.com
Fieldguide,Fieldguide,http://fieldguide.io
Heron Data,Heron Data,https://www.herondata.io
Clau,Clau,https://clau.com
Quell,Quell,https://playquell.com
Payflow,Payflow,https://www.payflow.ai
Brevy,Brevy,https://brevy.com/
Degrees of Freedom,Degrees of Freedom,https://www.DegreesOfFreedom.org
cloud humans,cloud humans,https://www.cloudhumans.com
Atomic Industries,Atomic Industries,http://atomic.industries
authzed,authzed,https://authzed.com
Humaans,Humaans,https://humaans.io
DreamWorld,DreamWorld,https://www.playdreamworld.com/
RocketSDR,RocketSDR,https://rocketsdr.ai
Quadrant Eye,Quadrant Eye,https://quadranteye.com
SBX Robotics,SBX Robotics,https://www.sbxrobotics.com/
arnata,arnata,https://arnata.com
Pibit.ai,Pibit.ai,https://pibit.ai
Vogent,Vogent,https://vogent.ai
Moichor,Moichor,https://moichor.com/
Flux Auto,Flux Auto,https://fluxauto.ai
Fountain9,Fountain9,https://www.fountain9.com
Avocado,Avocado,https://avocadopos.com
Pragmatic Leaders (Ankai Inc),Pragmatic Leaders (Ankai Inc),"https://pragmaticleaders.io, https://ostronaut.com"
Segments.ai,Segments.ai,https://segments.ai
Encord,Encord,https://encord.com
ClipDrop,ClipDrop,https://clipdrop.co
Sivo,Sivo,https://sivo.com
HyperGlue,HyperGlue,https://www.hyperglue.com
Cyble,Cyble,https://cyble.com/
Supadock,Supadock,https://getsupadock.com
Expent Inc,Expent Inc,https://www.expent.ai/
Version Story Compare,Version Story Compare,https://versionstory.com/
Per Diem,Per Diem,https://tryperdiem.com
Promoted.ai,Promoted.ai,http://www.promoted.ai
Emerge Tools,Emerge Tools,https://www.emergetools.com/
Parsagon,Parsagon,https://parsagon.io
Alinea,Alinea,https://alinea-invest.com/
Vapi,Vapi,https://vapi.ai
Quadrant Health,Quadrant Health,https://quadrant.health
Mindee,Mindee,https://mindee.com
Popl,Popl,https://popl.co/
Fathom,Fathom,https://www.fathom.ai
Outpaint.com,Outpaint.com,https://outpaint.com/
FirstSupport.ai,FirstSupport.ai,https://firstsupport.ai
Rinsed,Rinsed,https://www.rinsed.com
Verak,Verak,http://verak.in
LiveFlow,LiveFlow,https://www.liveflow.com
Invoid,Invoid,https://www.invoid.co/
Datrics,Datrics,https://datrics.ai
OpenCode,OpenCode,https://opencode.ai
Topline Pro,Topline Pro,https://www.toplinepro.com
Codingal,Codingal,https://www.codingal.com/?utm_source=yc
Nimbus,Nimbus,https://nimbus.dev
Tractian,Tractian,https://tractian.com
Enable Us,Enable Us,https://www.enableus.com
Milk Video,Milk Video,https://milkvideo.com
Simplify,Simplify,https://simplify.jobs/
InpharmD,InpharmD,https://www.inpharmd.com
Tint,Tint,http://www.tint.ai
unSurvey,unSurvey,http://www.unsurvey.ai
ZOKO,ZOKO,https://www.zoko.io/
TaoFi,TaoFi,https://taofi.com
Reclaim Protocol,Reclaim Protocol,https://reclaimprotocol.org
BotBuilt,BotBuilt,https://www.botbuilt.com
Biodock,Biodock,https://www.biodock.ai
Venu AI,Venu AI,https://www.venu3d.com
Compose.ai,Compose.ai,https://compose.ai
Lamar Health,Lamar Health,http://www.lamarhealth.com
HomeBreeze,HomeBreeze,https://www.homebreeze.ai/
Codeball,Codeball,https://codeball.ai
Chatwoot,Chatwoot,https://www.chatwoot.com
Dataherald,Dataherald,http://dataherald.com/
Rejoy Health,Rejoy Health,https://www.rejoyhealth.com/
inBalance,inBalance,https://inbalanceresearch.com
Treinta,Treinta,https://www.treinta.co
Spline,Spline,http://spline.design/
BusinessOnBot,BusinessOnBot,https://www.businessonbot.com/
Gigs,Gigs,https://gigs.com
Friz,Friz,https://www.usefriz.com
Mystic,Mystic,https://www.mystic.ai/
Estoca,Estoca,https://www.estoca.com.br/
MarqVision,MarqVision,https://www.marqvision.com/
Routine,Routine,http://routine.co
Moonvalley,Moonvalley,https://www.moonvalley.com
MindPortal,MindPortal,https://www.mindportal.com
Waydev,Waydev,https://waydev.co/
Triomics,Triomics,https://triomics.com/
Clear,Clear,https://getclearapp.com/
PipeBio,PipeBio,https://pipebio.com
AXAR AI,AXAR AI,https://www.ycombinator.com/companies/axar-ai
Ollama,Ollama,https://ollama.com
Humance,Humance,https://www.humance.tech/
Journey,Journey,http://journey.io
Openlayer,Openlayer,https://openlayer.com
Slope,Slope,http://www.slopepay.com
Legion Health,Legion Health,https://legionhealth.com
Superwall,Superwall,https://superwall.com
Mindstate Design Labs,Mindstate Design Labs,http://mindstate.design
Serif Health,Serif Health,https://www.serifhealth.com
Abstra,Abstra,https://abstra.io
Varos,Varos,http://varos.com
Concord Materials,Concord Materials,https://concordmaterials.com
Jestor,Jestor,https://jestor.com
Potion,Potion,https://www.potion.ai
Replo,Replo,https://replo.app/
FirstQuadrant,FirstQuadrant,https://firstquadrant.ai
Buzzle,Buzzle,https://buzzle.ai
Kalam Labs,Kalam Labs,http://www.kalamlabs.in
Affogato AI,Affogato AI,https://affogato.ai
Coulomb AI,Coulomb AI,https://coulomb.ai/
Zeit Medical,Zeit Medical,https://www.zeitmedical.com/
Confido,Confido,https://www.confidotech.com
Instalab,Instalab,https://www.instalab.com/
Zaz OS,Zaz OS,https://www.zazos.com/
Swipe,Swipe,https://getswipe.in
Neodocs,Neodocs,https://www.neodocs.in
MobileBoost,MobileBoost,https://www.mobileboost.io/yc
Sleek,Sleek,https://www.onsleek.com/
Soco,Soco,https://socosearch.com/
Bite Ninja,Bite Ninja,http://www.biteninja.com
Anakin,Anakin,https://anakin.io
SnapCalorie,SnapCalorie,https://www.snapcalorie.com/
Lago,Lago,https://www.getlago.com/
Dailybot,Dailybot,https://www.dailybot.com/
Lariat Data,Lariat Data,https://www.lariatdata.com
Patterns,Patterns,https://patterns.app/
Tavus,Tavus,https://www.tavus.io
Konta.com,Konta.com,http://konta.com/
Fitia,Fitia,https://fitia.app/
Verihubs,Verihubs,https://verihubs.com
Secoda,Secoda,https://secoda.co
Kaya,Kaya,https://www.usekaya.com/
SalaryBox,SalaryBox,https://salarybox.in/
Redbean,Redbean,https://redbean.ai
Sentiyen,Sentiyen,https://www.sentiyen.com
Jovian,Jovian,https://www.jovian.com
Hyperbrowser,Hyperbrowser,https://hyperbrowser.ai
SenpAI.GG,SenpAI.GG,https://senpai.gg/
Pideaky,Pideaky,https://pideaky.com/en/
Warpfy,Warpfy,https://warpfy.com/
Tiriel AI,Tiriel AI,https://tiriel.ai
DigiBuild,DigiBuild,https://digibuild.com
OneStopKitchen,OneStopKitchen,https://onestopkitchen.com/
Cero,Cero,https://cero.ai
Ruta Health,Ruta Health,https://www.rutahealth.com/
WarpBuild,WarpBuild,https://www.warpbuild.com
Geostar,Geostar,https://www.geostar.ai
MindFi,MindFi,https://www.mindfi.co
Scispot,Scispot,https://scispot.io
Coinrule,Coinrule,https://coinrule.com/
Sequin,Sequin,https://sequinai.com
Malloc Inc,Malloc Inc,https://mallocprivacy.com/
Milky Way AI,Milky Way AI,https://milkyway.ai/
ShipBlu,ShipBlu,http://www.shipblu.com
GetDot,GetDot,https://getdot.ai
CoLoop,CoLoop,https://coloop.ai/
Miniloop,Miniloop,https://miniloop.ai
OneSchema,OneSchema,https://www.oneschema.co
Stardex,Stardex,https://www.stardex.com
Forage Mail,Forage Mail,https://foragemail.com
Protex AI,Protex AI,https://www.protex.ai
Mine,Mine,https://usemine.com/
Makani Science,Makani Science,http://makaniscience.net/
Zensors,Zensors,https://www.zensors.com
Evidently AI,Evidently AI,https://evidentlyai.com
aSim,aSim,https://asim.sh/
Spark Studio,Spark Studio,https://sparkstudio.co
Mentum,Mentum,http://getmentum.com
outloud.ai,outloud.ai,https://www.outloud.ai/
Writesonic,Writesonic,https://writesonic.com/
The Breakaway,The Breakaway,https://www.breakaway.app/
Mach9,Mach9,https://www.mach9.ai/
RMFG,RMFG,https://www.rmfg.com
Revery AI,Revery AI,https://revery.ai
Litnerd,Litnerd,https://litnerd.com/
Noloco,Noloco,https://noloco.io
Tenyks,Tenyks,http://tenyks.ai/
Adni,Adni,https://www.adni.co/
Telmai,Telmai,https://www.telm.ai/
Hudson Labs (formerly Bedrock AI),Hudson Labs (formerly Bedrock AI),https://www.hudson-labs.com/
Waterplan,Waterplan,http://waterplan.com
Ferveret,Ferveret,http://www.ferveret.com
Zuma,Zuma,https://www.getzuma.com/
Vibe Kanban,Vibe Kanban,https://vibekanban.com
Caire Health,Caire Health,http://cairehealth.com
Baubap,Baubap,https://www.baubap.com
Shape,Shape,https://shape.xyz
Ruth Health,Ruth Health,https://www.ruthhealth.com/
Byte Kitchen,Byte Kitchen,https://www.bytekitchen.io/
ContraForce,ContraForce,https://www.contraforce.com
Output Biosciences,Output Biosciences,https://www.outputbio.com/
CellChorus,CellChorus,https://cellchorus.com
Plai,Plai,https://www.plai.io/
Hirebolt,Hirebolt,https://hirebolt.com/
Opkit,Opkit,https://opkit.co/
Squire.ai,Squire.ai,https://squire.ai
Spoken,Spoken,http://www.spoken.io
Bytebot,Bytebot,https://www.bytebot.ai/
Adravision,Adravision,https://www.adra.ai
Medium Biosciences,Medium Biosciences,http://medium.bio
FirstIgnite,FirstIgnite,https://firstignite.com
Lightly,Lightly,https://lightly.ai/
Safer Management,Safer Management,https://www.safermgmt.com/
Exa,Exa,https://exa.ai
Sully.ai,Sully.ai,https://www.sully.ai
Andi,Andi,https://AndiAI.com
Attack Capital,Attack Capital,https://attack.capital/
Uberduck,Uberduck,https://www.uberduck.ai
Compra Rápida,Compra Rápida,https://www.comprarapida.co/
SilkChart,SilkChart,https://www.silkchart.com
TigerEye,TigerEye,http://tigereye.com/
Agave,Agave,https://www.useagave.com
Strac,Strac,https://www.strac.io/
Moots,Moots,https://www.moots.ai/
Capuchin,Capuchin,https://capuchin.ai/
Sieve,Sieve,https://sievedata.com/
PolicyFly,PolicyFly,https://www.policyfly.com
Lumina,Lumina,https://www.lumibot.com
Trellus,Trellus,https://www.trellus.ai
Trébol,Trébol,https://gotrebol.com/
WeReno,WeReno,https://WeReno.com
VantedgeAI,VantedgeAI,https://www.vantedgeai.com/
Starling,Starling,https://starlingmedical.com/
Momento,Momento,https://www.tumomento.com/
PromptLoop,PromptLoop,https://www.promptloop.com/
Craniometrix,Craniometrix,https://craniometrix.com
Cherry Recommends,Cherry Recommends,https://cherry.ai/
Cozmo AI,Cozmo AI,https://www.hellocozmo.ai/
Sota2,Sota2,https://www.sota2.com
Stably AI (Orca),Stably AI (Orca),http://onorca.dev/
CoffeeAI,CoffeeAI,https://www.get-coffee.ai
Sei AI,Sei AI,https://seiright.com/
Brown Foods,Brown Foods,https://unrealmilk.com/
Axross Pte Ltd,Axross Pte Ltd,https://www.axross.co/
Sarus,Sarus,https://www.sarus.tech
Blaze,Blaze,https://withblaze.app/
Spinach AI,Spinach AI,https://spinach.ai
Nyckel,Nyckel,https://www.nyckel.com
Gym Class,Gym Class,https://gymclass.com
InferEdge,InferEdge,https://www.inferedge.com
Sekilo,Sekilo,https://sekilo.com/en/
HomeRoom,HomeRoom,https://livehomeroom.com/
Dynamo AI,Dynamo AI,https://dynamo.ai
Invert,Invert,http://www.invertbio.com/
Industrial Next,Industrial Next,https://www.industrialnext.ai
Rownd,Rownd,https://rownd.ai
Kaso,Kaso,https://www.kaso.ai
HypaHub,HypaHub,https://www.hypahub.com
Atlas,Atlas,https://atlas.so
Dioptra,Dioptra,https://dioptra.ai/
Bobidi,Bobidi,http://www.upswell.ai
Iron Leap,Iron Leap,https://getironleap.io/
Ankr Health,Ankr Health,https://ankr.us
MySivi,MySivi,https://www.mysivi.ai/
Unlayer,Unlayer,https://unlayer.com
Lenk,Lenk,https://getlenk.com/
Criya,Criya,https://criya.co
haddock,haddock,https://haddock.app
Fintelite,Fintelite,http://www.fintelite.ai
Cerebrium,Cerebrium,https://www.cerebrium.ai/
Lexter.ai,Lexter.ai,https://www.lexter.ai
Versable,Versable,https://www.versableai.com/
MosaicVoice,MosaicVoice,https://mosaicvoice.ai/
LanceDB,LanceDB,https://lancedb.com
RDash,RDash,https://www.rdash.io
Zorba,Zorba,https://www.getzorba.com/
Beam,Beam,https://beam.cloud
Sophys,Sophys,https://www.sophyshealth.com/
Armilla AI,Armilla AI,http://www.armilla.ai
Dart,Dart,https://www.dartai.com
Emobi,Emobi,https://www.emobi.ai
Reforged Labs,Reforged Labs,https://reforgedlabs.com/
Axis,Axis,http://axis.xyz
Flagright,Flagright,https://flagright.com
RedBrick AI,RedBrick AI,https://redbrickai.com
Gauss,Gauss,https://gauss.money
T3 Chat,T3 Chat,https://t3.chat
Speechly,Speechly,https://www.speechly.com/
Sphere,Sphere,https://www.getsphere.com/
SkyLink,SkyLink,http://www.tryskylink.com
Suggestr,Suggestr,https://suggestr.co
RefineTrain AI,RefineTrain AI,https://www.refinetrain.ai/
PermitFlow,PermitFlow,http://www.permitflow.com
NearWave,NearWave,http://nearwave.co
Siftly,Siftly,https://siftly.ai/
Tuva Health,Tuva Health,https://tuvahealth.com/
Velt,Velt,https://velt.dev
Cogram,Cogram,https://cogram.com
Toko,Toko,https://tokotutor.com/
Posh,Posh,https://www.poshenergy.com
Sero,Sero,https://www.sero.so
Cotera,Cotera,https://cotera.co
SpadeWorks,SpadeWorks,https://www.spadeworks.co
LunaJoy Health,LunaJoy Health,http://HelloLunaJoy.com
Curacel,Curacel,https://curacel.co
voize,voize,https://voize.de/
Agency,Agency,https://GetAgency.com
Finnt,Finnt,https://finnt.com
Strong Compute,Strong Compute,https://strongcompute.com
Lovage,Lovage,https://getlovage.com
"Sendme, Inc","Sendme, Inc",http://www.sendme.ng
Sprites,Sprites,https://sprites.ai/
SmartHelio,SmartHelio,https://www.smarthelio.com/
goodfin,goodfin,http://www.goodfin.com
Airwork,Airwork,https://www.airworkhq.com
Cinder,Cinder,https://cinder.ai
BotCity,BotCity,https://botcity.dev
Lifecast,Lifecast,http://www.lifecastvr.com
Vimmerse,Vimmerse,https://vimmerse.net
Broccoli AI,Broccoli AI,https://www.broccoli.com/
Bemlo,Bemlo,https://www.bemlo.com/en
Talentropy.ai,Talentropy.ai,https://talentropy.ai/
mutable.ai,mutable.ai,https://mutable.ai
Kular,Kular,https://www.kular.ai
Theneo,Theneo,https://theneo.io
Ponyrun,Ponyrun,http://www.ponyrun.ai
Top Road,Top Road,https://toproad.ai
PINA,PINA,https://pina.id
AvairSense,AvairSense,https://www.avairsense.com/
Trueplace,Trueplace,https://www.trueplace.ca/
IoTFlows Inc,IoTFlows Inc,https://www.iotflows.com/
Nophin,Nophin,https://www.nophin.com
HOAi,HOAi,https://www.hoai.com
Spade,Spade,https://www.spade.com
Status,Status,https://www.statusai.com/
Shaped,Shaped,https://shaped.ai
amiloz,amiloz,https://www.beloz.com.mx/
Ploomber,Ploomber,https://ploomber.io/
GoJom,GoJom,https://gojom.com
Housewarming,Housewarming,https://housewarming.me
RTHM,RTHM,https://www.rthm.com
Blink,Blink,https://blink.new
Humand,Humand,https://humand.co
Workflow86,Workflow86,https://www.workflow86.com
Codec,Codec,https://codec.io
Postal,Postal,https://usepostal.com
Finku,Finku,http://finku.id
AYC Fund,AYC Fund,http://www.AYCFund.com/
Heptabase,Heptabase,https://heptabase.com/
Kenobi,Kenobi,https://kenobi.ai
Nara,Nara,https://trynara.com
Powerhouse AI,Powerhouse AI,https://www.powerhouseai.com
Query Vary,Query Vary,https://queryvary.com
Impossible Metals,Impossible Metals,https://impossiblemetals.com
Cellbyte,Cellbyte,https://www.cellbyte.com/
GovDash,GovDash,https://govdash.com/
KorrAI,KorrAI,https://www.korrai.com
MSPilot,MSPilot,https://mspilot.io
Flike,Flike,https://flike.app/
Eventual,Eventual,https://www.daft.ai/
Reality Defender,Reality Defender,http://www.realitydefender.com
Mindbase,Mindbase,https://mymindbase.ai
WhiteLab Genomics,WhiteLab Genomics,https://whitelabgx.com
Poly,Poly,https://poly.app
Layerup,Layerup,https://www.uselayerup.com/
Wolfia,Wolfia,https://wolfia.com
Instant,Instant,https://instantdb.com
Stream,Stream,http://www.stream.claims
Paces,Paces,https://paces.com
Airtrain AI,Airtrain AI,https://airtrain.ai
Star,Star,https://buildwithstar.com
Elessar,Elessar,https://www.getelessar.com/
Mercator,Mercator,http://www.mercator.tech
Julius,Julius,https://julius.ai
Ciro,Ciro,https://www.ciro.io/
Dialect,Dialect,https://www.usedialect.com
Birch Biosciences,Birch Biosciences,http://www.birchbiosciences.com
Penguin AI,Penguin AI,http://penguinai.app
Truva,Truva,https://www.truva.ai/
SigmaMind AI,SigmaMind AI,https://sigmamind.ai?utm_source=yc&utm_medium=web
Two Dots,Two Dots,https://www.twodots.com
Superpowered AI,Superpowered AI,https://superpowered.ai
Makeasite,Makeasite,https://makeasite.io
Tailor,Tailor,https://www.tailor.tech/
CodeCanary,CodeCanary,https://www.codecanary.ai
Pasito,Pasito,https://pasito.ai
Blitz,Blitz,https://www.blitznocode.com/
Cerrion,Cerrion,https://www.cerrion.com/
Impractical,Impractical,https://impractical.ai
CustomerOS,CustomerOS,https://customeros.ai
ECSA,ECSA,http://ecsa.finance/
Champ,Champ,https://trychamp.co/
BricksAI,BricksAI,https://www.trybricks.ai/
Roxels,Roxels,https://www.roxels.ai/
Serinus Biosciences,Serinus Biosciences,http://www.serinus.bio
Fetii,Fetii,https://www.fetii.com/
Craze,Craze,https://www.craze.ai/?utm_source=yc
Paragon AI,Paragon AI,https://paragon.ai
Boostly,Boostly,https://boostly.com
Ballerine,Ballerine,http://www.ballerine.com
NuMind,NuMind,https://www.numind.ai
Sunlight,Sunlight,https://www.sunlightapi.com/
Midplane,Midplane,https://midplane.ai/
Overwatch,Overwatch,http://www.overwatchdata.ai
Blee,Blee,https://www.blee.com
Raven,Raven,https://startraven.com
Activepieces,Activepieces,https://www.activepieces.com
Popsy,Popsy,https://popsy.ai
Juicebox,Juicebox,https://juicebox.ai/
Apply Design,Apply Design,http://www.applydesign.io
Phind,Phind,https://phind.com
Aragorn AI,Aragorn AI,https://www.aragorn.ai
Namecard.ai,Namecard.ai,https://namecard.ai/
Flair Labs,Flair Labs,https://www.flairlabs.ai/
Unify,Unify,https://unify.ai
Mistle,Mistle,https://mistle.dev
Slidely AI,Slidely AI,https://slidely.ai/
Typewise,Typewise,https://typewise.app
NewsCatcher,NewsCatcher,https://newscatcherapi.com/
100x,100x,https://100x.bot?utm_source=inbound&utm_medium=bookface&utm_campaign=yc&utm_id=122
Provision,Provision,https://provision.com
Thera,Thera,https://www.getthera.com
Neosync,Neosync,https://neosync.dev
Peoplebox.ai,Peoplebox.ai,https://www.peoplebox.ai
Coris,Coris,https://coris.ai/
Hedgehog,Hedgehog,http://hedgehogfoods.com
Alphawatch AI,Alphawatch AI,https://alphawatch.ai
AnythingLLM,AnythingLLM,https://anythingllm.com
Latent Space,Latent Space,https://latentspace.sh/
AviaryAI,AviaryAI,http://www.helloaviary.ai
FlyCode,FlyCode,https://www.flycode.com
Maya Labs,Maya Labs,https://mayalabs.io
Rima AI (formerly Garage),Rima AI (formerly Garage),https://www.getrima.ai
Quinn,Quinn,https://www.quinnbio.com
Aurelian,Aurelian,https://www.aurelian.com/
Metriport,Metriport,https://metriport.com/
Fini,Fini,https://www.usefini.com
Cobbery,Cobbery,https://cobbery.com
Grai,Grai,https://www.grai.io
Feather,Feather,https://featherhq.com
Artemis Search,Artemis Search,https://search-artemis.com/
Argovox,Argovox,https://www.argovox.com/
Unthread,Unthread,https://unthread.io
Roforco,Roforco,https://www.ycombinator.com/companies/roforco
Lamin,Lamin,https://lamin.ai
Findly,Findly,https://www.findly.ai/join
Sanifu,Sanifu,https://sanifu.ai
HOMLI,HOMLI,https://thehomli.com
Boton,Boton,https://www.botonapp.com/
Avina,Avina,https://avina.io
Invofox,Invofox,https://invofox.com
TypeLess,TypeLess,https://apps.apple.com/us/app/typeless-ai-messenger/id6478489620
Firecrawl,Firecrawl,https://www.firecrawl.dev
Superbar,Superbar,http://www.superbar.ai
Sonnet,Sonnet,https://www.ycombinator.com/companies/sonnet
Jasmine Energy,Jasmine Energy,http://www.jasmine.energy
Oneleet,Oneleet,https://www.oneleet.com/?utm_source=yc&utm_medium=bookface
Entvin,Entvin,http://entvin.com?utm_source=yc
Wondercraft,Wondercraft,https://wondercraft.ai/
Clearline,Clearline,https://useclearline.com
Monterey AI,Monterey AI,http://www.monterey.ai
Slingshot,Slingshot,https://slingshotml.com
Pump.co,Pump.co,https://www.pump.co/
Knowtex,Knowtex,http://www.knowtex.ai/
Sculpt,Sculpt,https://www.sculptcosting.com/
Lavo Life Sciences,Lavo Life Sciences,https://www.lavo.ai/
Kashin,Kashin,https://kashin.app/
Delfino AI,Delfino AI,https://www.delfino.ai/
CAPSULE,CAPSULE,https://www.shopcapsule.ai/
InVision Medical Technology,InVision Medical Technology,http://invisionmedtech.com/
Cambio,Cambio,https://www.cambio.ai/
Axle,Axle,https://axle.insure
Landeed,Landeed,https://www.landeed.com/
Chima,Chima,https://www.withchima.com/
Intuned,Intuned,https://intunedhq.com
Coverage Cat,Coverage Cat,https://www.coveragecat.com/
Integrated Reasoning,Integrated Reasoning,https://integrated-reasoning.com
Dev Tools AI,Dev Tools AI,https://dev-tools.ai
Polymath Robotics,Polymath Robotics,http://www.polymathrobotics.com
Sameday,Sameday,https://www.gosameday.com/
zudo.work,zudo.work,https://zudo.work/
Rubbrband,Rubbrband,https://rubbrband.com
Middleware,Middleware,https://www.middleware.io
StackAI,StackAI,https://www.stackai.com
Designbase,Designbase,https://www.designbase.com/
Finvest,Finvest,https://www.getfinvest.com/
Blyss,Blyss,https://blyss.dev/
Reflex,Reflex,https://reflex.dev
Linum,Linum,https://www.linum.ai/
Cardinal,Cardinal,http://cardinalapp.io
Traceloop,Traceloop,https://www.traceloop.com
Trigger.dev,Trigger.dev,https://trigger.dev
Versori,Versori,https://www.versori.com/
Struct,Struct,https://struct.app
Syncly,Syncly,https://syncly.app/
DrDroid,DrDroid,https://drdroid.io/
Layup,Layup,http://www.layuplabs.ai
Credal.ai,Credal.ai,https://credal.ai
Magic Patterns,Magic Patterns,https://www.magicpatterns.com/
Rollstack,Rollstack,https://www.rollstack.com
Paperplane,Paperplane,https://www.paperplane.ai/
Novelcare,Novelcare,https://www.novel.care
Lume,Lume,https://www.lume.ai
Concourse,Concourse,https://concourse.co/
Latent,Latent,https://latenthealth.com
Backdrop,Backdrop,https://www.backdropagent.com
Mulligan,Mulligan,https://insurestack.ai/
Dashdive,Dashdive,https://dashdive.com
Indexical,Indexical,https://indexical.dev/
Demospace,Demospace,https://www.demospace.ai
Brewit,Brewit,https://brewit.ai/
Lynx,Lynx,https://uselynx.ai
Palomma,Palomma,http://www.palomma.com/
Parabolic,Parabolic,https://www.growparabolic.com/
Rubber Ducky Labs,Rubber Ducky Labs,https://www.rubberduckylabs.io/
Pair AI,Pair AI,https://www.pairai.com/
Ohm,Ohm,https://www.ohm.ai
Double – Coding Copilot,Double – Coding Copilot,https://double.bot
Glass Health,Glass Health,https://glass.health
Versive,Versive,https://www.getversive.com/
Pledge Health,Pledge Health,https://www.pledge.health/
Salient,Salient,https://www.trysalient.com
Dataglade,Dataglade,https://dataglade.com
Narrative,Narrative,https://www.trynarrative.com/
OfOne,OfOne,https://www.of.one
OpenSight,OpenSight,https://www.opensight.ai
loopfour,loopfour,https://www.loopfour.com
Gluetrail,Gluetrail,https://www.gluetrail.com
infra.new,infra.new,https://infra.new
PoplarML,PoplarML,http://poplarml.com
CreatorML,CreatorML,https://creatorml.com/
Vooma,Vooma,https://www.vooma.ai
Scanbase,Scanbase,https://www.scanbase.com
Neptyne,Neptyne,https://neptyne.com
Bluebirds,Bluebirds,https://www.bluebirds.ai
LinkGrep,LinkGrep,https://linkgrep.com
Flower,Flower,https://flower.ai
Cosine,Cosine,http://www.cosine.sh
Alloy,Alloy,https://alloy.app
Gooseworks,Gooseworks,https://gooseworks.ai/
Cloudchipr,Cloudchipr,https://cloudchipr.com/
Frigade,Frigade,https://frigade.com
Haven,Haven,https://www.usehaven.ai/
coil inc.,coil inc.,http://www.trycoil.com
No Cap,No Cap,https://www.nocap.so
Dream3D,Dream3D,https://dream3d.com
DataSuite,DataSuite,https://truthsuite.com
Outerbase,Outerbase,https://www.outerbase.com
co.dev,co.dev,https://co.dev/?ref=YC
Langfuse,Langfuse,https://langfuse.com
Extend,Extend,https://www.extend.ai/
Floworks,Floworks,https://floworks.ai/
Iliad,Iliad,https://iliad.ai
OpenMeter,OpenMeter,https://openmeter.io
Inkeep,Inkeep,https://inkeep.com
Velos,Velos,https://www.tryvelos.com
EzDubs,EzDubs,http://www.ezdubs.ai
Wild Moose,Wild Moose,https://wildmoose.ai
ShortLoop,ShortLoop,https://shortloop.dev/
Booth AI,Booth AI,https://booth.ai
Truewind,Truewind,https://truewind.ai
TableFlow,TableFlow,https://tableflow.com
Orchid,Orchid,https://orchid.health
KV Cash,KV Cash,https://kv.cash
1stCollab,1stCollab,https://1stcollab.com/
Magicflow 𐂂,Magicflow 𐂂,https://magicflow.ai
Helicone,Helicone,https://www.helicone.ai/
Ariglad,Ariglad,https://www.ariglad.com/
222,222,https://222.place
Variance,Variance,https://www.variance.com/
Fintool,Fintool,https://www.fintool.com/
compliant-llm,compliant-llm,https://www.compliantllm.com/
Boundary,Boundary,https://www.boundaryml.com
FactIQ,FactIQ,https://factiq.com/
SensorSurf,SensorSurf,https://www.technician.dev
Hadrius,Hadrius,https://www.hadrius.com
Fairway Health,Fairway Health,https://www.fairwayhealth.co/
Shortbread,Shortbread,https://www.shortbread.ai/
Onshore,Onshore,https://onshore.com
Sherloq,Sherloq,http://sherloqdata.io/
Finic,Finic,https://www.finic.ai
Hippo Scribe,Hippo Scribe,https://gethipposcribe.com
nunu.ai,nunu.ai,https://nunu.ai
CombineHealth,CombineHealth,https://www.combinehealth.ai/
Echo,Echo,https://www.echothat.ai/
SuperKalam,SuperKalam,https://superkalam.com
Clueso,Clueso,https://clueso.io
Retape,Retape,https://www.retape.ai/
Coldreach,Coldreach,https://coldreach.ai/
Mantys,Mantys,https://www.mantys.io/
Univerbal,Univerbal,https://univerbal.app
Diffuse Bio,Diffuse Bio,http://diffuse.bio
Pylon,Pylon,https://usepylon.com/?utm_source=bookface&utm_medium=referral&utm_campaign=pylon-profile
Epsilon,Epsilon,https://www.epsilon-ai.com
Helios,Helios,https://www.usehelios.ai/
PlayAI,PlayAI,https://play.ai/
Corgi Labs,Corgi Labs,https://www.corgilabs.ai
DAGWorks Inc.,DAGWorks Inc.,https://www.dagworks.io/
Rivet,Rivet,https://rivet.dev
Maxi,Maxi,https://www.usemaxi.app
Hindsight,Hindsight,https://www.usehindsight.com/
OpenInt,OpenInt,https://openint.dev
Decohere,Decohere,https://decohere.ai
CodeParrot AI,CodeParrot AI,https://codeparrot.ai/
Conduit,Conduit,http://helloconduit.com
Berry,Berry,https://berryai.com/
Persist AI,Persist AI,http://www.persist-ai.com
Interlock,Interlock,https://www.tryinterlock.com/
rex.fit,rex.fit,https://www.rex.fit
Vocode,Vocode,https://vocode.dev
Fabius,Fabius,https://fabius.io
Benchmark,Benchmark,https://withbenchmark.com/
Edge,Edge,https://withedge.com
Luca,Luca,https://www.askluca.com/
Verata,Verata,https://www.veratainsight.com/
Pier,Pier,http://www.pier-finance.com
Vector,Vector,https://vector.co
Texel.ai,Texel.ai,https://texel.ai
Metal,Metal,https://metal.ai/
Atmeto,Atmeto,https://www.atmeto.com
Escape,Escape,https://escape.tech
Kyber,Kyber,https://askkyber.com
Persana AI,Persana AI,https://www.persana.ai/
Type,Type,https://type.ai
Lightski,Lightski,https://www.lightski.com
Vendora,Vendora,https://www.vendora.io/
Adri AI,Adri AI,https://www.getadri.ai/
Second,Second,https://www.second.dev
Warp,Warp,https://www.warp.co/
Fetchr,Fetchr,https://www.fetchr.so
Upfront,Upfront,https://tryupfront.com
Cercli,Cercli,https://www.cercli.com
LiteLLM,LiteLLM,https://www.litellm.ai/
Automat,Automat,https://www.runautomat.com/
Yuma AI,Yuma AI,https://yuma.ai
Vaero,Vaero,https://vaero.ai
Pando Bioscience,Pando Bioscience,https://pando.bio/
kapa.ai,kapa.ai,https://www.kapa.ai
Kino AI,Kino AI,https://kino.ai
Reworkd,Reworkd,https://reworkd.ai
Nectar,Nectar,https://nectarclimate.com
Branch AI,Branch AI,https://www.branch-ai.com
Ora AI,Ora AI,http://oraai.com/
Xeol,Xeol,https://www.xeol.io/
Metoro,Metoro,https://metoro.io
Clearest Health,Clearest Health,https://clearesthealth.com/
Elyos AI,Elyos AI,https://www.elyos.ai/
Accend,Accend,https://www.withaccend.com/
Deasy Labs,Deasy Labs,https://www.deasylabs.com/
Hyperbound,Hyperbound,https://hyperbound.ai
Watto AI,Watto AI,https://www.watto.ai
Linc.,Linc.,https://www.linc-ai.com/
Magic Loops,Magic Loops,https://magicloops.dev
Remy,Remy,https://www.startremy.com/
Sohar Health,Sohar Health,https://www.soharhealth.com
Bland AI,Bland AI,https://bland.com
Diligent,Diligent,https://godiligent.ai
Pointhound,Pointhound,http://www.pointhound.com
PropRise,PropRise,https://www.proprise.ai/
Readily,Readily,https://readily.co
Casca,Casca,https://www.cascading.ai/
Cedana,Cedana,https://cedana.ai
Lifelike,Lifelike,https://lifelike.app/
OpenTools,OpenTools,https://opentools.com
Atla,Atla,https://www.atla-ai.com/
Contour,Contour,https://www.ycombinator.com/companies/contour
Mandel AI,Mandel AI,https://www.mandel.ai/
Prosper,Prosper,https://www.getprosper.ai?utm_source=yc&utm_medium=directory&utm_campaign=yc_directory
Lio (formerly askLio),Lio (formerly askLio),https://www.lio.ai
Solve Intelligence,Solve Intelligence,https://www.solveintelligence.com/
Talc,Talc,https://talc.ai
Synch,Synch,https://www.withsynch.com/
CORE,CORE,https://getcore.me
Subsets,Subsets,https://www.subsets.com
GreenTally,GreenTally,https://www.greentally.ai
Spine AI,Spine AI,https://www.getspine.ai
Baud,Baud,https://baudlabs.ai
SID,SID,https://www.sid.ai
Alguna,Alguna,https://alguna.com
Campfire,Campfire,https://campfire.ai
Parea,Parea,https://www.parea.ai
Venta AI,Venta AI,https://www.getventa.ai
Punchcard,Punchcard,https://www.punchcard.com
Bronco AI,Bronco AI,https://www.bronco.ai/
Kite,Kite,https://kite.video
Obento Health,Obento Health,https://www.getobento.com
Docsum,Docsum,https://www.docsum.ai/
Arcimus,Arcimus,https://www.arcimus.com/
MICSI,MICSI,https://www.micsi.co/
Corgea,Corgea,https://www.corgea.com/
Serra,Serra,https://www.serra.io/
Outset,Outset,https://outset.ai/
Hegel AI,Hegel AI,https://hegel-ai.com
Shasta Health,Shasta Health,https://www.shasta.health
Health Harbor,Health Harbor,https://healthharbor.co/
Menza,Menza,https://menza.ai/
FleetWorks,FleetWorks,https://fleetworks.ai
Repaint,Repaint,https://repaint.com
Dialtone,Dialtone,https://usedialtone.com
Cardinal Gray,Cardinal Gray,https://www.cardinalgray.com/
Skyvern,Skyvern,https://www.skyvern.com/
Decoda Health,Decoda Health,https://decodahealth.com/
Numen,Numen,https://www.numen.com
VetRec,VetRec,https://vetrec.io
Lysto,Lysto,https://lysto.ai/
Epsilla,Epsilla,https://www.epsilla.com/
Sidenote,Sidenote,https://www.sidenote.ai
Unhaze,Unhaze,https://unhaze.ai
Surface Labs,Surface Labs,https://withsurface.com
Egress Health,Egress Health,https://tryegress.com
